pk,jsondata,id,name,description,markup_description,glottolog_id,google_book_search_id,bibtex_type,author,year,title,type,booktitle,editor,pages,edition,journal,school,address,url,note,number,series,volume,publisher,organization,chapter,howpublished,year_int,startpage_int,pages_int
1,{},adelaarmalagasy1995,"Adelaar, Alexander and Vérin, Pierre 1995",Malagasy,,,,incollection,"Adelaar, Alexander and Vérin, Pierre",1995,Malagasy,,Comparative Austronesian Dictionary An Introduction to Austronesian Studies,"Tryon, Darrell T.",393–406,,,,"Berlin, New York",,,,,,Mouton de Gruyter,,,,,,
2,{},urelandrussian2003,"Malchukov, Andrej L. 2003",Russian interference in Tungusic languages in an areal-typological perspective,,,,incollection,"Malchukov, Andrej L.",2003,Russian interference in Tungusic languages in an areal-typological perspective,,Convergence and divergence of European languages,"Ureland, Sture",235–251,,,,Berlin,,,1,Studies in Eurolinguistics,,Logos Verlag,,,,,,
3,{},gardaniborrowing2008,"Gardani, Francesco 2008",Borrowing of Inflectional Morphemes in Language Contact,,,,book,"Gardani, Francesco",2008,Borrowing of Inflectional Morphemes in Language Contact,,,,,,,,Frankfurt/Main,,,320,"European University Studies, Series XXI Linguistics",,Peter Lang,,,,,,
4,{},adelaarmalagasy2012,"Adelaar, Alexander 2012",Malagasy Phonological History and Bantu Influence,,,,article,"Adelaar, Alexander",2012,Malagasy Phonological History and Bantu Influence,,,,123–159,,Oceanic Linguistics,,,,,1,,51,,,,,,,
5,{},diemzum1971,"Diem, Werner 1971","Zum Problem der Personalpronomina -hənne (3.Pl.), -kon (2.Pl.) und-hon (3.Pl.) in den syrisch-libanesischen Dialekten",,,,article,"Diem, Werner",1971,"Zum Problem der Personalpronomina -hənne (3.Pl.), -kon (2.Pl.) und-hon (3.Pl.) in den syrisch-libanesischen Dialekten",,,,223–230,,Zeitschriften der Deutschen Morgenländischen Gesellschaft,,,,,2,,121,,,,,,,
6,{},lentinoppositions2003,"Roth, Arlette 2003","Oppositions aspectives dans le parler arabe de Kormakiti (Chypre). Conservations, tâtonnements, innovations",,,,incollection,"Roth, Arlette",2003,"Oppositions aspectives dans le parler arabe de Kormakiti (Chypre). Conservations, tâtonnements, innovations",,"Mélanges David Cohen. Études sur le langage, les langues, les dialectes, les littératures, offertes par ses élèves, ses collègues, ses amis présentées à l'occasion de son quatre-vingtième anniversaire","Lentin, Jérôme and Lonnet, Antoine",595–608,,,,Paris,,"Textes en français, anglais, italien et arabe Bibliogr. des travaux de David Cohen p. [XXIII]-LII. Références bibliogr. Notes bibliogr. Index Mélanges David Cohen; études sur le langage, les langues, les dialectes, les littératures, offertes par ses élèves, ses collègues, ses amis présentées à l'occasion de son quatre-vingtième anniversaire; textes réunis et éd. par Jérôme Lentin et Antoine Lonnet; [collab.] Aziza Boucherit, Arlette Roth, Catherine Taine-Cheikh, Amor Bencheikh Mélanges David Cohen Etudes sur le langage, les langues, les dialectes, les littératures, offertes par ses élèves, ses collègues, ses amis présentées à l'occasion de son quatre-vingtième anniversaire",,,,Maisonneuve &Larose,,,,,,
7,{},kayeisraeli2007,"Bolozky, Shmuel 2007",Israeli Hebrew Morphology,,,,incollection,"Bolozky, Shmuel",2007,Israeli Hebrew Morphology,,Morphologies of Asia and Africa,"Kaye, Alan S.",283–308,,,,Winona Lake,,,,,,Eisenbrauns,,,,,,
8,{},hannsuchumataqu2008,"Hannß, Katja 2008",Uchumataqu. The lost language of the Urus of Bolivia. A grammatical description of the language as documented between 1894 and 1952,,,,book,"Hannß, Katja",2008,Uchumataqu. The lost language of the Urus of Bolivia. A grammatical description of the language as documented between 1894 and 1952,,,,,,,,Leiden,,,,,,CNWS Publications,,,,,,
9,{},devriesadaptation1984,"de Vries, J.W. 1984",Adaptation of polymorphemic loanwords. The case of words ending in -asi in Indonesian,,,,article,"de Vries, J.W.",1984,Adaptation of polymorphemic loanwords. The case of words ending in -asi in Indonesian,,,,476–496,,"Bijdragen tot de Taal-, Land- en Volkenkunde",,,http://www.kitlv-journals.nl,,4,,140,,,,,,,
10,{},petersongrammar2011,"Peterson, John 2011",A Grammar of Kharia: A South Munda Language,,,,book,"Peterson, John",2011,A Grammar of Kharia: A South Munda Language,,,,,,,,"Leiden, Boston",,,1,Brill's Studies in South and Southwest Asian Languages,,Brill,,,,,,
11,{},doerferturkische1967,"Doerfer, Gerhard 1967",Türkische Lehnwörter im Tadschikischen,,,,book,"Doerfer, Gerhard",1967,Türkische Lehnwörter im Tadschikischen,,,,,,,,Wiesbaden,,,37.3,Abhandlungen für die Kunde des Morgenlandes,,Steiner,,,,,,
12,{},myersscottonlanguage2007,"Myers-Scotton, Carol 2007",Language Contact: Why Outsider System Morphemes Resist Transfer,,,,article,"Myers-Scotton, Carol",2007,Language Contact: Why Outsider System Morphemes Resist Transfer,,,,21–41,,Journal of Language Contact - THEMA,,,,,,,1,,,,,,,
13,{},hillspeaking1986,"Hill, Jane H. and Hill, Kenneth C. 1986",Speaking Mexicano: The Dynamics of Syncretic Language in Central Mexico,,,,book,"Hill, Jane H. and Hill, Kenneth C.",1986,Speaking Mexicano: The Dynamics of Syncretic Language in Central Mexico,,,,,,,,Tucson,,,,,,University of Arizona Press,,,,,,
14,{},metzgermorpheme1998,"Metzger, Ronald G. 1998",The Morpheme KA- of Carapana (Tucanoan),,,,article,"Metzger, Ronald G.",1998,The Morpheme KA- of Carapana (Tucanoan),,,,,,SIL Electronic Working Papers,,,,,,,1998-003,,,,,,,
15,{},csatoiranian2005,"Bulut, Christiane 2005",Iranian influence on Sonqor Turkic,,,,incollection,"Bulut, Christiane",2005,Iranian influence on Sonqor Turkic,,"Linguistic convergence and areal diffusion: case studies from Iranian, Semitic and Turkic","Csató, Éva Ágnes and Isaksson, Bo and Jahani, Carina",241–270,,,,"Abington, New York",,,,,,RoutledgeCurzon,,,,,,
16,{},bulutturkic,"Bulut, Christiane nd",Turkic varieties of West Iran and Iraq. Representatives of a South Oghuz dialect group?,,,,unpublished,"Bulut, Christiane",,Turkic varieties of West Iran and Iraq. Representatives of a South Oghuz dialect group?,,,,,,,,,,,,,,,,,,,,
17,{},blaumanuel1980,"Blau, Joyce 1980","Manuel de kurde (dialecte sorani): grammaire, textes de lecture, vocabulaire kurde-français et français-kurde",,,,book,"Blau, Joyce",1980,"Manuel de kurde (dialecte sorani): grammaire, textes de lecture, vocabulaire kurde-français et français-kurde",,,,,,,,Paris,,,,,,Klincksieck,,,,,,
18,{},kayebilin2007,"Appleyard, David L. 2007",Bilin Morphology,,,,incollection,"Appleyard, David L.",2007,Bilin Morphology,,Morphologies of Asia and Africa,"Kaye, Alan S.",481–504,,,,Winona Lake,,,,,,Eisenbrauns,,,,,,
19,{},chamoreauspanish2012,"Chamoreau, Claudine 2012",Spanish diminutive markers -ito/-ita in Mesoamerican languages: a challenge for acceptance of gender distinction,,,,incollection,"Chamoreau, Claudine",2012,Spanish diminutive markers -ito/-ita in Mesoamerican languages: a challenge for acceptance of gender distinction,,Morphologies in Contact,"Vanhove, Martine and Stolz, Thomas and Urdze, Aina and Otsuka, Hitomi",71–89,,,,Berlin,,,10,Studia Typologica,,Akademie Verlag,,,,,,
20,{},sassearvanitika1991,"Sasse, Hans-Jürgen 1991",Arvanitika. Die albanischen Sprachreste in Griechenland. Teil 1,,,,book,"Sasse, Hans-Jürgen",1991,Arvanitika. Die albanischen Sprachreste in Griechenland. Teil 1,,,,,,,,Wiesbaden,,,,,,Harrassowitz,,,,,,
21,{},lipinskisemitic1997,"Lipiński, Edward 1997",Semitic languages. Outline of a comparative grammar,,,,book,"Lipiński, Edward",1997,Semitic languages. Outline of a comparative grammar,,,,,,,,Leuven,,,80,Orientalia Lovaniensia Analecta,,"Peeters, Departement Oosterse Studies",,,,,,
22,{},aikhenvaldgrammar2003,"Aikhenvald, Alexandra Y. 2003","A Grammar of Tariana, from Northwest Amazonia",,,,book,"Aikhenvald, Alexandra Y.",2003,"A Grammar of Tariana, from Northwest Amazonia",,,,,,,,Cambridge,,,,,,Cambridge University Press,,,,,,
23,{},kruspegrammar2004,"Kruspe, Nicole 2004",A grammar of Semelai,,,,book,"Kruspe, Nicole",2004,A grammar of Semelai,,,,,,,,Cambridge,,,,,,Cambridge University Press,,,,,,
24,{},dehghanigrammar2000,"Dehghani, Yavar 2000",A grammar of Iranian Azari: including comparisons with Persian,,,,book,"Dehghani, Yavar",2000,A grammar of Iranian Azari: including comparisons with Persian,,,,,,,,Munich,,,30,LINCOM Studies in Asian Linguistics,,LINCOM Europa,,,,,,
25,{},riionheimohow2002,"Riionheimo, Helka 2002",How to Borrow a Bound Morpheme? Evaluating the Status of Structural Interference in a Contact between Closely-related Languages,,,,article,"Riionheimo, Helka",2002,How to Borrow a Bound Morpheme? Evaluating the Status of Structural Interference in a Contact between Closely-related Languages,,,,187–217,,SKY Journal of Linguistics,,,,,,,15,,,,,,,
26,{},hualdenoun2003,"Trask, R.L. 2003","The Noun Phrase: nouns, determiners and modifiers; pronouns and names",,,,incollection,"Trask, R.L.",2003,"The Noun Phrase: nouns, determiners and modifiers; pronouns and names",,A grammar of Basque,"Hualde, José Ignacio and Urbina, Jon Ortiz de",113–171,,,,"Berlin, New York",,,26,Mouton Grammar Library,,Mouton de Gruyter,,,,,,
27,{},evansgrammar1995,"Evans, Nicholas D. 1995",A grammar of Kayardild. With historical-comparative notes on Tangkic,,,,book,"Evans, Nicholas D.",1995,A grammar of Kayardild. With historical-comparative notes on Tangkic,,,,,,,,Berlin,,,15,Mouton Grammar Library,,Mouton de Gruyter,,,,,,
28,{},donohuegrammar1999,"Donohue, Mark 1999",A grammar of Tukang Besi,,,,book,"Donohue, Mark",1999,A grammar of Tukang Besi,,,,,,,,"Berlin, New York",,,20,Mouton grammar library,,Walter De Gruyter,,,,,,
29,{},rastorguevaopyt1964,"Rastorgueva, Vera Sergeevna 1964",Opyt sravnitel'nogo izučenija tadžikskich govorov,,,,book,"Rastorgueva, Vera Sergeevna",1964,Opyt sravnitel'nogo izučenija tadžikskich govorov,,,,,,,,Moscow,,,,,,Nauka,,,,,,
30,{},seifartbora2011,"Seifart, Frank 2011",Bora loans in Resígaro: Massive morphological and little lexical borrowing in a moribund Arawakan language,,,,book,"Seifart, Frank",2011,Bora loans in Resígaro: Massive morphological and little lexical borrowing in a moribund Arawakan language,,,,,,,,,http://www.etnolinguistica.org/mono:2,,2,Cadernos de Etnolingüística. Série Monografias,,,,,,,,
31,{},dwyeraltaic1992,"Dwyer, Arienne M 1992",Altaic elements in the Linxia dialect: contact-induced change on the Yellow River plateau,,,,article,"Dwyer, Arienne M",1992,Altaic elements in the Linxia dialect: contact-induced change on the Yellow River plateau,,,,,,Journal of Chinese Linguistics,,,http://cup.cuhk.edu.hk/ojs/index.php/JCL/article/viewArticle/1794/0,"Language contact between the Hàn and non-Hàn languages of China has often been assumed to be unidirectional (i.e., Hàn  non-Hàn) and limited generally to lexical items, while morphosyntactic interference is believed to be moderate and comparatively recent. However, in the northwestern Chinese dialect of Línxìa, it will be shown below that in fact the opposite is true: the Línxìa dialect consistently retains certain native phonological and lexical features, while undergoing heavy interference in syntax. In this paper three examples illustrating the nature and extent of contact-induced change in the Línxìa dialect are examined. In Section 1 the morphemes for ‘small, little’ of the region’s languages are compared as an illustration of extensive lexicosemantic diffusion resulting in areal convergence. In Section 2 it is concluded that the co-existing markers of the comitative/ instrumental in Línxìa represent two different types of borrowing: one, a calque on a compound numeral of the Mongolic languages of the region, and the other an outright loan from Mongolic of the Proto-Altaic comitative suffix *-lū. Finally, as an example of significant syntactic and phonological reanalysis, in Section 3 the Línxìa postpositional conditional marker -ì is examined. We conclude that this is the result of the combination of certain social and linguistic factors, and that social factors, such as political dominance, may well be the primary determinants of change. These data provide evidence to support a reanalysis of certain universals of language contact.",1,,20,,,,,,,
32,{},golovkoaleut1990,"Golovko, Evgenij V. and Vakhtin, Nikolai B. 1990",Aleut in Contact: the Copper Island Aleut Enigma,,,,article,"Golovko, Evgenij V. and Vakhtin, Nikolai B.",1990,Aleut in Contact: the Copper Island Aleut Enigma,,,,97–125,,Acta linguistica Hafniensia,,,,,,,22,,,,,,,
33,{},janhunendagur2003,"Tsumagari, Toshiro 2003",Dagur,,,,incollection,"Tsumagari, Toshiro",2003,Dagur,,The Mongolic languages,"Janhunen, Juha",129–153,,,,London,,,5,Routledge Language Family Series,,RoutledgeCurzon,,,,,,
34,{},kangasmaaminnmari1998,"Kangasmaa-Minn, Eeva 1998",Mari,,,,incollection,"Kangasmaa-Minn, Eeva",1998,Mari,,The Uralic Languages,"Abondolo, Daniel",219–248,,,,London,,,,,,Routledge,,,,,,
35,{},tsiaperagreek1964,"Tsiapera, Maria 1964",Greek Borrowings in the Arabic Dialect of Cyprus,,,,article,"Tsiapera, Maria",1964,Greek Borrowings in the Arabic Dialect of Cyprus,,,,124–126,,Journal of the American Oriental Society,,,http://www.jstor.org/stable/597099,"ArticleType: research-article / Full publication date: Apr. - Jun., 1964 / Copyright © 1964 American Oriental Society",2,,84,,,,,,,
36,{},seifartprinciple2012,"Seifart, Frank 2012",The Principle of Morphosyntactic Subsystem Integrity in language contact: Evidence from morphological borrowing in Resígaro (Arawakan),,,,article,"Seifart, Frank",2012,The Principle of Morphosyntactic Subsystem Integrity in language contact: Evidence from morphological borrowing in Resígaro (Arawakan),,,,471–504,,Diachronica,,,,,4,,29,,,,,,,
37,{},hualdesegmental2003,"Hualde, José Ignacio 2003",Segmental phonology,,,,incollection,"Hualde, José Ignacio",2003,Segmental phonology,,A grammar of Basque,"Hualde, José Ignacio and Urbina, Jon Ortiz de",15–65,,,,"Berlin, New York",,,26,Mouton Grammar Library,,Mouton de Gruyter,,,,,,
38,{},seguramunguialatin1996,"Segura Munguía, Santiago and Etxebarria Ayesta, Juan Manuel 1996",Del latín al euskara = Latinetik euskarara,,,,book,"Segura Munguía, Santiago and Etxebarria Ayesta, Juan Manuel",1996,Del latín al euskara = Latinetik euskarara,,,,,,,,Bilbao,,,,,,Universidad de Deusto,,,,,,
130,{},nordhoffcurrent2013,"Nordhoff, Sebastian 2013",The current state of Sri Lanka Portuguese,,,,article,"Nordhoff, Sebastian",2013,The current state of Sri Lanka Portuguese,,,,425–434,,Journal of Pidgin and Creole Languages,,,,,2,,28,,,,,,,
39,{},wurmquechua1996,"Adelaar, Willem F. H. 1996","Quechua, a language of intercultural communication in the Middle Andes",,,,incollection,"Adelaar, Willem F. H.",1996,"Quechua, a language of intercultural communication in the Middle Andes",,"Atlas of languages of intercultural communication in the Pacific, Asia and the Americas. Volume 2, Part 1","Wurm, Stephen A. and Mühlhäusler, Peter and Tryon, Darrell T.",1325–1329,,,,"Berlin, New York",,,13,"Trends in Linguistics, Documentation Series",,Mouton de Gruyter,,,,,,
40,{},abbilanguages1997,"Abbi, Anvita 1997","Languages in Contact in Jharkhand. A Case of Language Conflation, Language Change and Language Convergence",,,,incollection,"Abbi, Anvita",1997,"Languages in Contact in Jharkhand. A Case of Language Conflation, Language Change and Language Convergence",,Languages of tribal and indigenous peoples of India: the ethnic space,"Abbi, Anvita",131–148,,,,Delhi,,,10,MLBD series in linguistics,,Motilal Banarasidass,,,,,,
41,{},bereczkitschuwaschische1979,"Bereczki, Gábor 1979",Tschuwaschische Kasussuffixe im Tscheremissischen,,,,article,"Bereczki, Gábor",1979,Tschuwaschische Kasussuffixe im Tscheremissischen,,,,65–69,,Veröffentlichungen der Societas Uralo-Altaica,,,,,,,12,,,,,,,
42,{},puscariurumanische1943,"Pușcariu, Sextil and Kuen, Heinrich 1943","Die rumänische Sprache, ihr Wesen und ihre volkliche Prägung",,,,book,"Pușcariu, Sextil and Kuen, Heinrich",1943,"Die rumänische Sprache, ihr Wesen und ihre volkliche Prägung",,,,,,,,Leipzig,,,,,,Otto Harrassowitz,,,,,,
43,{},noonanchantyal2005,"Noonan, Michael and Bhulanja, Ram Prasad 2005",Chantyal Discourses,,,,article,"Noonan, Michael and Bhulanja, Ram Prasad",2005,Chantyal Discourses,,,,1–254,,Himalayan Linguistics Archive,,,,,,,2,,,,,,,
44,{},borgmaltese1997,"Borg, Albert and Azzopardi-Alexander, Marie 1997",Maltese,,,,book,"Borg, Albert and Azzopardi-Alexander, Marie",1997,Maltese,,,,,,,,"London, New York",,,,,,Routledge,,,,,,
45,{},goswamiasamiya2003,"Goswami, G. C. and Tamuli, Jyotiprakash 2003",Asamiya,,,,incollection,"Goswami, G. C. and Tamuli, Jyotiprakash",2003,Asamiya,,The Indo-Aryan Languages,"Cardona, George and Dhanesh, Jain",391–443,,,,"London, New York",,,,,,Routledge,,,,,,
46,{},verhaarloanwords1984,"Jones, Russel 1984",Loan-words in contemporary Indonesian,,,,incollection,"Jones, Russel",1984,Loan-words in contemporary Indonesian,,"Towards a description of contemporary Indonesian. Preliminary studies, Part II","Verhaar, John W. M.",1–38,,,,Jakarta,,,19,NUSA Linguistic Studies of Indonesian and Other Languages of Indonesia,,Universitas Atma Jaya,,,,,,
47,{},salaproblema1988,"Sala, Marius 1988",El problema de las lenguas en contacto,,,,book,"Sala, Marius",1988,El problema de las lenguas en contacto,,,,,,,,México,,,,,,Universidad de México,,,,,,
48,{},wiedemannversuch1847,"Wiedemann, Ferdinand Joh. 1847",Versuch einer Grammatik der tscheremissischen Sprache nach dem in der Evangelienübersetzung von 1821 gebrauchten Dialekte,,,,book,"Wiedemann, Ferdinand Joh.",1847,Versuch einer Grammatik der tscheremissischen Sprache nach dem in der Evangelienübersetzung von 1821 gebrauchten Dialekte,,,,,,,,Reval,,,,,,Verlag Franz Kluge,,,,,,
49,{},dawkinsmodern1916,"Dawkins, R. M. 1916",Modern Greek in Asia Minor,,,,book,"Dawkins, R. M.",1916,Modern Greek in Asia Minor,,,,,,,,Cambridge,,,,,,Cambridge University Press,,,,,,
50,{},memoglusuleymanogluturkcenin2006,"Memoglu-Süleymanoglu, Hayriye 2006",Türkçenin ters siklik sözlügü,,,,book,"Memoglu-Süleymanoglu, Hayriye",2006,Türkçenin ters siklik sözlügü,,,,,,,,Ankara,,,,,,Kurmay,,,,,,
51,{},gutierrezmoralesborrowing2008,"Gutiérrez-Morales, Salomé 2008",Borrowing and Grammaticalization in Sierra Popoluca: The Influence of Nahuatl and Spanish,,,,phdthesis,"Gutiérrez-Morales, Salomé",2008,Borrowing and Grammaticalization in Sierra Popoluca: The Influence of Nahuatl and Spanish,Ph.D. dissertation,,,,,,University of California at Berkeley,Berkeley,,,,,,,,,,,,
52,{},muyskenidioma2005,"Muysken, Pieter 2005",El idioma Uchumataqu,,,,book,"Muysken, Pieter",2005,El idioma Uchumataqu,,,,,,,,Irohito,,,,,,Distrito Nacionalidad Indígena. Urus de Irohito,,,,,,
53,{},kossmannnature2008,"Kossmann, Maarten 2008",On the Nature of Borrowing in Cypriot Arabic,,,,article,"Kossmann, Maarten",2008,On the Nature of Borrowing in Cypriot Arabic,,,,5–24,,Zeitschrift für Arabische Linguistik,,,,,,,49,,,,,,,
54,{},haspelmathgrammar1993,"Haspelmath, Martin 1993",A Grammar of Lezgian,,,,book,"Haspelmath, Martin",1993,A Grammar of Lezgian,,,,,,,,"Berlin, New York",,,9,Mouton grammar library,,Mouton de Gruyter,,,,,,
55,{},noonanrise1996,"Noonan, Michael 1996",The rise and fall of the Chantyal language,,,,article,"Noonan, Michael",1996,The rise and fall of the Chantyal language,,,,121–136,,Southwest Journal of Linguistics,,,,,1-2,,15,,,,,,,
56,{},janhunensanta2003,"Kim, Stephen S. 2003",Santa,,,,incollection,"Kim, Stephen S.",2003,Santa,,The Mongolic languages,"Janhunen, Juha",346–363,,,,London,,,5,Routledge Language Family Series,,RoutledgeCurzon,,,,,,
57,{},pakendorfintensive2009,"Pakendorf, Brigitte 2009",Intensive contact and the copying of paradigms. An Ėven dialect in contact with Sakha (Yakut),,,,article,"Pakendorf, Brigitte",2009,Intensive contact and the copying of paradigms. An Ėven dialect in contact with Sakha (Yakut),,,,85–110,,Journal of Language Contact – VARIA,,,,,,,2,,,,,,,
58,{},souagsiwa2009,"Souag, Lameen 2009",Siwa and its significance for Arabic dialectology,,,,article,"Souag, Lameen",2009,Siwa and its significance for Arabic dialectology,,,,51–75,,Zeitschrift für Arabische Linguistik,,,,,,,51,,,,,,,
59,{},steinkrugertransfer2009,"Steinkrüger, Patrick O. and Seifart, Frank 2009","Transfer of derivational morphology without borrowing of stems: Resígaro (Arawakan, Peru) and Chabacano (Creole, Philippines)",,,,misc,"Steinkrüger, Patrick O. and Seifart, Frank",2009,"Transfer of derivational morphology without borrowing of stems: Resígaro (Arawakan, Peru) and Chabacano (Creole, Philippines)",,,,,,,,"Paper presented at Morphologies in Contact, University of Bremen, October 1-3, 2009",,,,,,,,,,,,
60,{},petgrammar2011,"Pet, Willem J. A. 2011",A Grammar Sketch and Lexicon of Arawak (Lokono Dian),,,,book,"Pet, Willem J. A.",2011,A Grammar Sketch and Lexicon of Arawak (Lokono Dian),,,,,,,,"Dallas, Texas",http://www.sil.org/silepubs/abstract.asp?id=928474543236,,30,SIL e-Books,,SIL International,,,,,,
61,{},guldemanngrammaticalization2003,"Güldemann, Tom 2003",Grammaticalization,,,,incollection,"Güldemann, Tom",2003,Grammaticalization,,The Bantu languages,"Nurse, Derek and Philippson, Gérard",182–194,,,,London,,,,,,Routledge,,,,,,
62,{},matrasgrammatical20071,"Hildebrandt, Kristine A. 2007",Grammatical borrowing in Manage,,,,incollection,"Hildebrandt, Kristine A.",2007,Grammatical borrowing in Manage,,Grammatical borrowing in cross-linguistic perspective,"Matras, Yaron and Sakel, Jeanette",283–300,,,,"Berlin, New York",,,38,Empirical approaches to language typology,,Mouton de Gruyter,,,,,,
63,{},matrasgrammatical20072,"Rießler, Michael 2007",Grammatical Borrowing in Kildin Saami,,,,incollection,"Rießler, Michael",2007,Grammatical Borrowing in Kildin Saami,,Grammatical Borrowing in Cross-Linguistic Perspective,"Matras, Yaron and Sakel, Jeanette",229–244,,,,"Berlin, New York",,,,,,Mouton de Gruyter,,,,,,
64,{},daltonpufferfrench1996,"Dalton-Puffer, Christiane 1996",The French influence on Middle English Morphology. A corpus-based study of derivation,,,,book,"Dalton-Puffer, Christiane",1996,The French influence on Middle English Morphology. A corpus-based study of derivation,,,,,,,,"Berlin, New York",,,20,Topics in English Linguistics,,Mouton de Gruyter,,,,,,
65,{},palmerborrowings2009,"Palmer, Chris C. 2009","Borrowings, derivational morphology, and perceived productivity in English, 1300-1600.",,,,phdthesis,"Palmer, Chris C.",2009,"Borrowings, derivational morphology, and perceived productivity in English, 1300-1600.",Ph.D. dissertation,,,,,,The University of Michigan,,,,,,,,,,,,,
66,{},slatergrammar2003,"Slater, Keith W. 2003",A Grammar of Mangghuer. A Mongolic language of China's Qinghai-Gansu Sprachbund,,,,book,"Slater, Keith W.",2003,A Grammar of Mangghuer. A Mongolic language of China's Qinghai-Gansu Sprachbund,,,,,,,,"London, New York",,,,,,Routledge,,,,,,
67,{},wurmhezhou1996,"Lee-Smith, Mei W. 1996",The Hezhou language,,,,incollection,"Lee-Smith, Mei W.",1996,The Hezhou language,,"Atlas of languages of intercultural communication in the Pacific, Asia and the Americas. Volume 2, Part 1","Wurm, Stephen A. and Mühlhäusler, Peter and Tryon, Darrell T.",865–874,,,,"Berlin, New York",,,13,"Trends in Linguistics, Documentation Series",,Mouton de Gruyter,,,,,,
68,{},souaggrammatical2010,"Souag, Lameen 2010","Grammatical Contact in the Sahara. Arabic, Berber, and Songhay in Tabelbala and Siwa",,,,phdthesis,"Souag, Lameen",2010,"Grammatical Contact in the Sahara. Arabic, Berber, and Songhay in Tabelbala and Siwa",Ph.D. dissertation,,,,,,"School of Oriental and African Studies, University of London",London,,,,,,,,,,,,
69,{},mujikalatina1982,"Mujika, Luis Mari 1982",Latina eta erromanikoaren eragina euskaran. Euskal lexikoaren azterketa bideetan,,,,book,"Mujika, Luis Mari",1982,Latina eta erromanikoaren eragina euskaran. Euskal lexikoaren azterketa bideetan,,,,,,,,Donostia,,,,,,Sendoa Argitaldaria,,,,,,
70,{},aikhenvaldtariana1999,"Aikhenvald, Alexandra Y. 1999",Tariana Texts and Cultural Context,,,,book,"Aikhenvald, Alexandra Y.",1999,Tariana Texts and Cultural Context,,,,,,,,Munich,,,,,,LINCOM EUROPA,,,,,,
71,{},adelaaraustronesian2005,"Adelaar, Alexander 2005",The Austronesian languages of South East Asia and Madagascar: a historical perspective,,,,incollection,"Adelaar, Alexander",2005,The Austronesian languages of South East Asia and Madagascar: a historical perspective,,The Austronesian languages of Asia and Madagascar,"Adelaar, Alexander and Himmelmann, Nikolaus P.",,,,,London,,,7,Routledge Language Family Series,,Routledge,,,,,,
72,{},xhuvaniprapashtesat1962,"Xhuvani, Aleksandër and Çabej, Eqrem 1962",Prapashtesat e gjuhës shqipe,,,,book,"Xhuvani, Aleksandër and Çabej, Eqrem",1962,Prapashtesat e gjuhës shqipe,,,,,,,,Tiranë,,,,,,Universiteti Shtetëror,,,,,,
73,{},seifartresigaro2009,"Seifart, Frank 2009",Resígaro documentation,,,,incollection,"Seifart, Frank",2009,Resígaro documentation,,"A multimedia documentation of the languages of the People of the Center. Online publication of transcribed and translated Bora, Ocaina, Nonuya, Resígaro, and Witoto audio and video recordings with linguistic and ethnographic annotations and descriptions","Seifart, Frank and Fagua, Doris and Gasché, Jürg and Echeverri, Juan Alvaro",,,,,Nijmegen,http://corpus1.mpi.nl/qfs1/media-archive/dobes_data/Center/Info/WelcomeToCenterPeople.html,,,,,DOBES-MPI,,,,,,
74,{},orelalbanian1998,"Orel, Vladimir E. 1998",Albanian etymological dictionary,,,,book,"Orel, Vladimir E.",1998,Albanian etymological dictionary,,,,,,,,Leiden,,,,,,Brill,,,,,,
75,{},hualdederivation2003,"Hualde, José Ignacio 2003",Derivation,,,,incollection,"Hualde, José Ignacio",2003,Derivation,,A grammar of Basque,"Hualde, José Ignacio and Urbina, Jon Ortiz de",328–351,,,,"Berlin, New York",,,26,Mouton Grammar Library,,Mouton de Gruyter,,,,,,
76,{},bekecseremisz1911,"Beke, Ödön 1911",Cseremisz nyelvtan,,,,book,"Beke, Ödön",1911,Cseremisz nyelvtan,,,,,,,,Budapest,,,,,,Kiadja a Magyar Tudományos Akadémia,,,,,,
77,{},noonancontactinduced2008,"Noonan, Michael 2008",Contact-induced change. The case of Tamangic languages,,,,incollection,"Noonan, Michael",2008,Contact-induced change. The case of Tamangic languages,,Language Contact and Contact Languages,"Siemund, Peter and Kintana, Noemi",81–106,,,,"Amsterdam, Philadelphia",,,7,Hamburg Studies on Multlingualism,,John Benjamins,,,,,,
78,{},roseborrowing2012,"Rose, Françoise 2012",Borrowing of a Cariban number marker into three Tupi-Guarani languages,,,,unpublished,"Rose, Françoise",2012,Borrowing of a Cariban number marker into three Tupi-Guarani languages,,,,,,,,,,,,,,,,,,,,
79,{},janseagglutination2009,"Janse, Mark 2009",Agglutination and the Psychology of Double Inflections in Cappadocian,,,,incollection,"Janse, Mark",2009,Agglutination and the Psychology of Double Inflections in Cappadocian,,Studies in Modern Greek Dialects and Linguistic Theory,"Janse, Mark and Joseph, Brian D. and Pavlou, Pavlos and Ralli, Angela",,,,,Nicosia,,,,,,Research Center of the Holy Monastery of Kykkos,,,,,,
80,{},boretzkyromani1994,"Boretzky, Norbert 1994",Romani : Grammatik des Kalderaš-Dialektes mit Texten und Glossar,,,,book,"Boretzky, Norbert",1994,Romani : Grammatik des Kalderaš-Dialektes mit Texten und Glossar,,,,,,,,Wiesbaden,,,24,Balkanologische Veröffentlichungen,,Harrassowitz,,,,,,
81,{},borgcypriot1985,"Borg, Alexander 1985",Cypriot Arabic : a historical and comparative investigation into the phonology and morphology of the Arabic vernacular spoken by the Maronites of Kormakiti village in the Kyrenia district of North-Western Cyprus,,,,book,"Borg, Alexander",1985,Cypriot Arabic : a historical and comparative investigation into the phonology and morphology of the Arabic vernacular spoken by the Maronites of Kormakiti village in the Kyrenia district of North-Western Cyprus,,,,,,,,Stuttgart,,,47.4,Abhandlungen für die Kunde des Morgenlandes,,Steiner,,,,,,
82,{},budenzcseremisz1864,"Budenz, József 1864",Cseremisz tanulmányok,,,,article,"Budenz, József",1864,Cseremisz tanulmányok,,,,397–470,,NyK,,,,,,,3,,,,,,,
83,{},galkinistoritsheskaja1964,"Galkin, Ivan Stepanovich 1964",Istoritsheskaja grammatika marijskogo jazyka,,,,book,"Galkin, Ivan Stepanovich",1964,Istoritsheskaja grammatika marijskogo jazyka,,,,,,,,Joshkar-Ola,,,,,,,,,,,,
84,{},janhunenwutun2008,"Janhunen, Juha and Peltomaa, Marja and Sandman, Erika and Dongzhou, Xiawu 2008",Wutun,,,,book,"Janhunen, Juha and Peltomaa, Marja and Sandman, Erika and Dongzhou, Xiawu",2008,Wutun,,,,,,,,Munich,,,466,Language of the World/Materials,,LINCOM EUROPA,,,,,,
85,{},boretzkyturkische1975,"Boretzky, Norbert 1975",Der türkische Einfluss auf das Albanische. Teil 2: Wörterbuch der albanischen Turzismen,,,,book,"Boretzky, Norbert",1975,Der türkische Einfluss auf das Albanische. Teil 2: Wörterbuch der albanischen Turzismen,,,,,,,,Wiesbaden,,,12,Albanische Forschungen,,Harrassowitz,,,,,,
86,{},escuregrammaticalizaion2012,"Escure, Geneviève 2012",The grammaticalizaion of evidential markers in Garifuna,,,,incollection,"Escure, Geneviève",2012,The grammaticalizaion of evidential markers in Garifuna,,Grammatical replication and borrowability in language contact,"Wiemer, Björn and Wälchli, Bernhard and Hansen, Björn",357–380,,,,"Berlin, Boston",,,,,,de Gruyter Mouton,,,,,,
87,{},myersscottoncontact2002,"Myers-Scotton, Carol 2002",Contact Linguistics. Bilingual Encounters and Grammatical Outcomes,,,,book,"Myers-Scotton, Carol",2002,Contact Linguistics. Bilingual Encounters and Grammatical Outcomes,,,,,,,,Oxford,,,,,,Oxford University Press,,,,,,
88,{},palmermetatypic2011,"Palmer, Bill and Evans, Bethwyn 2011",Metatypic change in Mono-Uravan,,,,unpublished,"Palmer, Bill and Evans, Bethwyn",2011,Metatypic change in Mono-Uravan,,,,,,,,Paper given at the International Conference on Historical Linguistics,,,,,,,,,,,,
89,{},rieslerloanwords2009,"Rießler, Michael 2009",Loanwords in Kildin Saami,,,,incollection,"Rießler, Michael",2009,Loanwords in Kildin Saami,,Loanwords in the World's Languages. A Comparative Handbook,"Haspelmath, Martin and Tadmor, Uri",384–413,,,,Berlin,,,,,,Mouton de Gruyter,,,,,,
90,{},hoffevidentiality1986,"Hoff, Berend J. 1986","Evidentiality in carib Particles, affixes, and a variant of Wackernagel's law",,,,article,"Hoff, Berend J.",1986,"Evidentiality in carib Particles, affixes, and a variant of Wackernagel's law",,,,49–103,,Lingua,,,http://www.sciencedirect.com/science/article/pii/0024384186900781,,1–2,,69,,,,,,,
91,{},adelaarquechua2006,"Adelaar, Willem F. H. 2006","The Quechua impact in the Amuesha language, an Arawak language of the Peruvian Amazon",,,,incollection,"Adelaar, Willem F. H.",2006,"The Quechua impact in the Amuesha language, an Arawak language of the Peruvian Amazon",,Grammars in Contact. A Cross-Linguistic Typology,"Aikhenvald, Alexandra Y. and Dixon, R. M. W.",290–312,,,,Oxford,,,4,Explorations in Linguistic Typology,,Oxford University Press,,,,,,
92,{},heathlinguistic1978,"Heath, Jeffrey 1978",Linguistic Diffusion in Arnhem Land,,,,book,"Heath, Jeffrey",1978,Linguistic Diffusion in Arnhem Land,,,,,,,,Canberra,,,,,,Australian Institute of Aboriginal Studies,,,,,,
93,{},bolozkymeasuring1999,"Bolozky, Shmuel 1999",Measuring productivity in word formation: the case of Israeli Hebrew,,,,book,"Bolozky, Shmuel",1999,Measuring productivity in word formation: the case of Israeli Hebrew,,,,,,,,Leiden,,,27,Studies in Semitic languages and linguistics,,Brill,,,,,,
94,{},kaluzynskimongolische1962,"Kałużyński, Stanisław 1962",Mongolische Elemente in der jakutischen Sprache,,,,book,"Kałużyński, Stanisław",1962,Mongolische Elemente in der jakutischen Sprache,,,,,,,,"Warsaw, 's-Gravenhage",,,,,,"Państwowe Wydawnictwo Naukowe, Mouton \& Co",,,,,,
95,{},boeschotenyakut2006,"Malchukov, Andrej L. 2006",Yakut interference in North Tungusic languages,,,,incollection,"Malchukov, Andrej L.",2006,Yakut interference in North Tungusic languages,,Turkic languages in contact,"Boeschoten, Hendrik and Johanson, Lars",122–138,1. Aufl.,,,Wiesbaden,,,61,Turcologica,,Harrassowitz,,,,,,
96,{},myreevaocerk1964,"Myreeva, Anna N. 1964",Očerk govora učurskix ėvenkov,,,,incollection,"Myreeva, Anna N.",1964,Očerk govora učurskix ėvenkov,,"Očerki učurskogo, majskogo i tottinskogo govorov","Romanova, Angnija V. and Myreeva, Anna N.",6–74,,,,"Moscow, Leningrad",,,,,,Izdatel’stvo ‘Nauka’,,,,,,
97,{},bulucmendeli1975,"Buluç, Sadettin 1975",Mendeli (Irak) Ağzının Özellikleri,,,,incollection,"Buluç, Sadettin",1975,Mendeli (Irak) Ağzının Özellikleri,,"Bilimsel bildiriler 1972 : I. Türk Dili Bilimsel Kurultayina sunulan Bildiriler (Ankara, 27-29 eylül 1972)",,181–183,,,,Ankara,,,,,,Ankara Universitesi Basimevi,,,,,,
98,{},meakinsborrowing2011,"Meakins, Felicity 2011",Borrowing contextual inflection: evidence from northern Australia,,,,article,"Meakins, Felicity",2011,Borrowing contextual inflection: evidence from northern Australia,,,,57–87,,Morphology,,,http://espace.library.uq.edu.au/view/UQ:229257,,1,,21,,,,,,,
99,{},korkinagrammatika1982,"Korkina, Evdokija I. and Ubrjatova, Elizaveta I. and Xaritonov, L. N. and Petrov, N.E. 1982",Grammatika sovremennogo jakutskogo literaturnogo jazyka. Fonetika i morfologija,,,,book,"Korkina, Evdokija I. and Ubrjatova, Elizaveta I. and Xaritonov, L. N. and Petrov, N.E.",1982,Grammatika sovremennogo jakutskogo literaturnogo jazyka. Fonetika i morfologija,,,,,,,,Moscow,,,,,,Izdatel’stvo ‛Nauka’,,,,,,
100,{},smithsri2013,"Smith, Ian 2013",Sri Lanka Portuguese,,,,incollection,"Smith, Ian",2013,Sri Lanka Portuguese,,"The Survey of Pidgin and Creole Languages. Volume II: Portuguese-based, Spanish-based, and French-based Languages","Michaelis, Susanne Maria and Maurer, Philippe and Haspelmath, Martin and Huber, Magnus and Revis, Melanie",111–121,,,,Oxford,,,,,,Oxford University Press,,,,,,
101,{},ciszekword2008,"Ciszek, Ewa 2008",Word derivation in Early Middle English,,,,book,"Ciszek, Ewa",2008,Word derivation in Early Middle English,,,,,,,,Frankfurt am Main,,,23,Studies in English medieval language and literature,,Lang,,,,,,
102,{},noonanchantyal2003,"Noonan, Michael 2003",Chantyal,,,,incollection,"Noonan, Michael",2003,Chantyal,,The Sino-Tibetan Languages,"Thurgood, Graham and LaPolla, Randy J.",315–335,,,,London,,,,,,Routledge,,,,,,
103,{},metrauxcontribution1935,"Métraux, Alfred 1935",Contribution à l’ethnographie et à la linguistique des indiens Uro d’Ancoaqui (Bolivie),,,,article,"Métraux, Alfred",1935,Contribution à l’ethnographie et à la linguistique des indiens Uro d’Ancoaqui (Bolivie),,,,75–110,,Journal de la Société des Américanistes,,,,,,,27,,,,,,,
104,{},derbyshirecarib1999,"Derbyshire, Desmond C. 1999",Carib,,,,incollection,"Derbyshire, Desmond C.",1999,Carib,,The Amazonian languages,"Dixon, R. M. W. and Aikhenvald, Alexandra Y.",22–64,,,,Cambridge,,,,,,Cambridge University Press,,,,,,
105,{},vietzerucklaufiges1975,"Vietze, Hans Peter and Zenker, Ludwig and Warnke, Ingrid 1975",Rückläufiges Wörterbuch der türkischen Sprache,,,,book,"Vietze, Hans Peter and Zenker, Ludwig and Warnke, Ingrid",1975,Rückläufiges Wörterbuch der türkischen Sprache,,,,,,,,Leipzig,,,,,,Verlag Enzyklopädie,,,,,,
106,{},zelloumoroccan2011,"Zellou, Georgia 2011",Moroccan Arabic borrowed circumfix from Berber: investigating morphological categories in a language contact situation,,,,incollection,"Zellou, Georgia",2011,Moroccan Arabic borrowed circumfix from Berber: investigating morphological categories in a language contact situation,,Les frontières internes et externes de la morphologie,"Perko, Gregor",231–244,,,,Ljubljana,,,51,Linguistica,,Znanstvena založba Filozofske fakultete,,,,,,
107,{},purwoaffixation1984,"Verhaar, John W. M. 1984",Affixation in contemporary Indonesian,,,,incollection,"Verhaar, John W. M.",1984,Affixation in contemporary Indonesian,,"Towards a description of contemporary Indonesian. Preliminary studies, Part I","Purwo, Bambang Kaswanti",1–26,,,,Jakarta,,,18,NUSA Linguistic Studies of Indonesian and Other Languages of Indonesia,,Universitas Atma Jaya,,,,,,
108,{},guldemannreconstruction2004,"Güldemann, Tom 2004","Reconstruction through ‘de-construction’: The marking of person, gender, and number in the Khoe family and Kwadi",,,,article,"Güldemann, Tom",2004,"Reconstruction through ‘de-construction’: The marking of person, gender, and number in the Khoe family and Kwadi",,,,251–306,,Diachronica,,,http://www.benjamins.com/cgi-bin/t_articles.cgi?bookid=DIA%2021%3A2&artid=242055149,,2,,21,,,,,,,
109,{},dereusesiberian1994,"de Reuse, Willem Joseph 1994",Siberian Yupik Eskimo. The language and its contacts with Chukchi,,,,book,"de Reuse, Willem Joseph",1994,Siberian Yupik Eskimo. The language and its contacts with Chukchi,,,,,,,,Salt Lake City,,,,Studies in indigenous languages of the Americas,,University of Utah Press,,,,,,
110,{},aikhenvaldinvisible2012,"Aikhenvald, Alexandra Y. 2012",'Invisible' loans: How to borrow a bound form,,,,incollection,"Aikhenvald, Alexandra Y.",2012,'Invisible' loans: How to borrow a bound form,,Copies versus cognates in bound morphology,"Johanson, Lars and Robbeets, Martine",167–185,,,,"Leiden, Boston",,,2,"Brill's Studies in Language, Cognition, and Culture",,Brill,,,,,,
111,{},vossenkhoesprachen1997,"Vossen, Rainer 1997",Die Khoe-Sprachen. Ein Beitrag zur Erforschung der Sprachgeschichte Afrikas,,,,book,"Vossen, Rainer",1997,Die Khoe-Sprachen. Ein Beitrag zur Erforschung der Sprachgeschichte Afrikas,,,,,,,,Köln,,,,,,Rüdiger Köppe Verlag,,,,,,
112,{},escuregarifuna2004,"Escure, Geneviève 2004",Garifuna in Belize and Honduras,,,,incollection,"Escure, Geneviève",2004,Garifuna in Belize and Honduras,,"Creoles, contact, and language change. Linguistic and social implications","Escure, Geneviève and Schwegler, Armin",35–65,,,,"Amsterdam, Philadelphia",,,27,Creole Language Library,,John Benjamins,,,,,,
113,{},depurygarifuna2001,"de Pury, Sybille 2001","Le garífuna, une langue mixte",,,,article,"de Pury, Sybille",2001,"Le garífuna, une langue mixte",,,,75–84,,Faits de Langues,,,,,,,19,,,,,,,
114,{},janhunenmoghol2003,"Weiers, Michael 2003",Moghol,,,,incollection,"Weiers, Michael",2003,Moghol,,The Mongolic languages,"Janhunen, Juha",248–264,,,,London,,,5,Routledge Language Family Series,,RoutledgeCurzon,,,,,,
115,{},parkerjonesloanwords2009,"Parker Jones, ‘Ōiwi 2009",Loanwords in Hawaiian,,,,incollection,"Parker Jones, ‘Ōiwi",2009,Loanwords in Hawaiian,,Loanwords in the World's Languages. A Comparative Handbook,"Haspelmath, Martin and Tadmor, Uri",771–789,,,,Berlin,,,,,,Mouton de Gruyter,,,,,,
116,{},steinkrugermorphological2003,"Steinkrüger, Patrick 2003",Morphological processes of word formation in Chabacano (Philippine Spanish Creole),,,,incollection,"Steinkrüger, Patrick",2003,Morphological processes of word formation in Chabacano (Philippine Spanish Creole),,Phonology and Morphology of Creole Languages,"Plag, Ingo",253–268,,,,Tübingen,,,478,Linguistische Arbeiten,,Niemeyer,,,,,,
117,{},martinezcruzadjetivos2007,"Martínez Cruz, Victoriano 2007",Los adjetivos y los conceptos de propiedad en chol,,,,phdthesis,"Martínez Cruz, Victoriano",2007,Los adjetivos y los conceptos de propiedad en chol,M.A.,,,,,,CIESAS,México,,,,,,,,,,,,
118,{},capidanmeglenoromanii1925,"Capidan, Theodor 1925","Meglenoromânii. I, Istoria şi graiul lor",,,,book,"Capidan, Theodor",1925,"Meglenoromânii. I, Istoria şi graiul lor",,,,,,,,Bucarest,,,7,Academia Română. Studii şi Cercetări,,Cultura Naţională,,,,,,
119,{},matrasborrowability2007,"Matras, Yaron 2007",The borrowability of structural categories,,,,incollection,"Matras, Yaron",2007,The borrowability of structural categories,,Grammatical borrowing in cross-linguistic perspective,"Matras, Yaron and Sakel, Jeanette",31–73,,,,"Berlin, New York",,,38,Empirical approaches to language typology,,Mouton de Gruyter,,,,,,
120,{},heathfunctional1984,"Heath, Jeffrey 1984",Functional grammar of Nunggubuyu,,,,book,"Heath, Jeffrey",1984,Functional grammar of Nunggubuyu,,,,,,,,Canberra,,,,,,Australian Institute of Aboriginal Studies,,,,,,
121,{},svaneslavische1992,"Svane, Gunnar 1992",Slavische Lehnwörter im Albanischen,,,,book,"Svane, Gunnar",1992,Slavische Lehnwörter im Albanischen,,,,,,,,Aarhus,,,,,,Aarhus University Press,,,,,,
122,{},gutierrezmoraleskueteero2005,"Gutiérrez-Morales, Salomé 2005",Kueteero where are you? The Spanish suffix –ero in Sierra Popoluca,,,,article,"Gutiérrez-Morales, Salomé",2005,Kueteero where are you? The Spanish suffix –ero in Sierra Popoluca,,,,42–49,,Proceeding from the 8th Workshop on American Indigenous Languages. Santa Barbara Papers in Linguistics. Santa Barbara,,,,,,,16,,,,,,,
123,{},fiedlerpluralbildung1977,"Fiedler, Wilfried 1977",Die Pluralbildung bei den türkischen Elementen des Albanischen,,,,article,"Fiedler, Wilfried",1977,Die Pluralbildung bei den türkischen Elementen des Albanischen,,,,125–145,,Linguistique balkanique,,,,,1-2,,XX,,,,,,,
124,{},gardaniplural2012,"Gardani, Francesco 2012","Plural across inflection and derivation, fusion and agglutination",,,,incollection,"Gardani, Francesco",2012,"Plural across inflection and derivation, fusion and agglutination",,Copies versus cognates in bound morphology,"Johanson, Lars and Robbeets, Martine",71–97,,,,"Leiden, Boston",,,2,"Brill's Studies in Language, Cognition, and Culture",,Brill,,,,,,
125,{},borgevolutionary1994,"Borg, Alexander 1994",Some evolutionary parallels and divergences in Cypriot Arabic and Maltese,,,,article,"Borg, Alexander",1994,Some evolutionary parallels and divergences in Cypriot Arabic and Maltese,,,,43–73,,Mediterranean Language Review,,,,,,,8,,,,,,,
126,{},kayeindonesian2007,"Mueller, Franz 2007",Indonesian Morphology,,,,incollection,"Mueller, Franz",2007,Indonesian Morphology,,Morphologies of Asia and Africa,"Kaye, Alan S.",1207–1233,,,,Winona Lake,,,,,,Eisenbrauns,,,,,,
127,{},janhunenturcomongolic2003,"Schönig, Claus 2003",Turco-Mongolic relations,,,,incollection,"Schönig, Claus",2003,Turco-Mongolic relations,,The Mongolic languages,"Janhunen, Juha",403–419,,,,London,,,5,Routledge Language Family Series,,RoutledgeCurzon,,,,,,
128,{},quesadacastillodiccionario1976,"Quesada Castillo, Félix 1976",Diccionario quechua Cajamarca-Cañaris,,,,book,"Quesada Castillo, Félix",1976,Diccionario quechua Cajamarca-Cañaris,,,,,,,,Lima,,,,,,Ministerio de Educación and Instituto de Estudios Peruanos,,,,,,
129,{},dufftrippgramatica1997,"Duff-Tripp, Martha 1997",Gramática del idioma Yanesha’ (Amuesha),,,,book,"Duff-Tripp, Martha",1997,Gramática del idioma Yanesha’ (Amuesha),,,,,,,,Lima,,,43,Serie Lingüística Peruana,,Ministerio de Educación and Instituto Lingüístico de Verano,,,,,,
131,{},sassesprachkontakt1985,"Sasse, Hans-Jürgen 1985",Sprachkontakt und Sprachwandel. Die Gräzisierung der Albanischen Mundarten Griechenlands,,,,article,"Sasse, Hans-Jürgen",1985,Sprachkontakt und Sprachwandel. Die Gräzisierung der Albanischen Mundarten Griechenlands,,,,37–95,,Papiere zur Linguistik,,,,,1,,32,,,,,,,
132,{},meakinscasemarking2007,"Meakins, Felicity 2007","Case-marking in contact: the development and function of case morphology in Gurindji Kriol, an Australian mixed language",,,,phdthesis,"Meakins, Felicity",2007,"Case-marking in contact: the development and function of case morphology in Gurindji Kriol, an Australian mixed language",PhD thesis,,,,,,"Department of Linguistics and Applied Linguistics, University of Melbourne",Melbourne,,,,,,,,,,,,
133,{},miyaokagrammar2012,"Miyaoka, Osahito 2012",A Grammar of Central Alaskan Yupik (CAY),,,,book,"Miyaoka, Osahito",2012,A Grammar of Central Alaskan Yupik (CAY),,,,,,,,"Berlin, New York",,,58,Mouton Grammar Library,,Mouton de Gruyter,,,,,,
134,{},bowdenamalgamation2010,"Adelaar, Alexander 2010",The amalgamation of Malagasy,,,,incollection,"Adelaar, Alexander",2010,The amalgamation of Malagasy,,A journey through Austronesian and Papuan linguistic and cultural space. Papers in honour of Andrew K. Pawley,"Bowden, John and Himmelmann, Nikolaus P. and Ross, Malcolm",,,,,Canberra,,,615,Pacific Linguistics,,Pacific Linguistics,,,,,,
135,{},masicaindoaryan1991,"Masica, Colin P. 1991",The Indo-Aryan languages,,,,book,"Masica, Colin P.",1991,The Indo-Aryan languages,,,,,,,,Cambridge,,,,,,Cambridge University Press,,,,,,
136,{},alvrerussische2002,"Alvre, Paul 2002",Russische Lehnelemente in Indefinitpronomen und -adverbien der ostseefinnischen Sprachen,,,,article,"Alvre, Paul",2002,Russische Lehnelemente in Indefinitpronomen und -adverbien der ostseefinnischen Sprachen,,,,161–164,,Linguistica Uralica,,,,,3,,38,,,,,,,
137,{},kubiyakrucklaufiges2004,"Kubiyak, Yel 2004",Rückläufiges Wörterbuch des Türkischen,,,,book,"Kubiyak, Yel",2004,Rückläufiges Wörterbuch des Türkischen,,,,,,,,Frankfurt/M.,,,,,,Landeck,,,,,,
138,{},quesadacastillogrammatica1976,"Quesada Castillo, Félix 1976",Grammatica quechua Cajamarca-Cañaris,,,,book,"Quesada Castillo, Félix",1976,Grammatica quechua Cajamarca-Cañaris,,,,,,,,Lima,,,,,,Instituto de estudios peruanos,,,,,,
139,{},allingrammar1976,"Allin, Trevor R. 1976",A Grammar of Resígaro,,,,book,"Allin, Trevor R.",1976,A Grammar of Resígaro,,,,,,,,Horseleys Green,http://research-repository.st-andrews.ac.uk/handle/10023/1012,Ph.D. thesis,,,,Summer Institute of Linguistics,,,,,,
140,{},liverbmedial1984,"Li, Charles N. 1984",From verb-medial analytic language to verb-final synthetic language: A case of typological change,,,,incollection,"Li, Charles N.",1984,From verb-medial analytic language to verb-final synthetic language: A case of typological change,,Proceedigs of the Thenth Annual Meeting of the Berkeley Linguistics Society,"Brugman, Claudia and Macauley, Monica and Dahlstrom, Amy and Emanatian, Michele and Moonwomon, Birch and O'Connor, Catherine",307–323,,,,Berkeley,,,,,,Berkeley Linguistics Society,,,,,,
141,{},roundkayardild2010,"Round, Erich Ross 2010","Kayardild Morphology, Phonology and Morphosyntax",,,,phdthesis,"Round, Erich Ross",2010,"Kayardild Morphology, Phonology and Morphosyntax",Ph.D. thesis,,,,,,Yale University,New Haven,,,,,,,,,,,,
142,{},hamdeorigin1986,"Hamde, Kiflemariam 1986",The Origin and Development of Bilin,,,,book,"Hamde, Kiflemariam",1986,The Origin and Development of Bilin,,,,,,,,Asmara,,,,,,"Asmara University, The Institute of African Studies, Bilin Language Project",,,,,,
143,{},adelaaraymarismos1987,"Adelaar, Willem F. H. 1987",Aymarismos en el quechua de Puno,,,,article,"Adelaar, Willem F. H.",1987,Aymarismos en el quechua de Puno,,,,223–231,,Indiana,,,,,,,11,,,,,,,
144,{},vellardcontribucion1967,"Vellard, Jean (Jehan) A. 1967",Contribución al estudio de la lengua uru,,,,book,"Vellard, Jean (Jehan) A.",1967,Contribución al estudio de la lengua uru,,,,,,,,Buenos Aires,,,4,Cuadernos de Lingüística Indígena,,Universidad de Buenos Aires,,,,,,
145,{},paschentlehnung1988,"Pasch, Helma 1988",Die Entlehnung von Bantu-Präfixen in eine Nichtbantu-Sprache,,,,article,"Pasch, Helma",1988,Die Entlehnung von Bantu-Präfixen in eine Nichtbantu-Sprache,,,,48–63,,"Zeitschrift für Phonetik, Sprachwissenschaft und Kommunikationsforschung",,,,,1,,41,,,,,,,
146,{},pakendorfcomparison2012,"Pakendorf, Brigitte 2012",A comparison of copied morphemes in Sakha (Yakut) and Ėven,,,,unpublished,"Pakendorf, Brigitte",2012,A comparison of copied morphemes in Sakha (Yakut) and Ėven,,,,,,,,Lyon,,,,,,,,,,,,
147,{},raunessays1971,"Raun, Alo 1971",Essays in Finno-Ugric and Finnic linguistics,,,,book,"Raun, Alo",1971,Essays in Finno-Ugric and Finnic linguistics,,,,,,,,"Bloomington, The Hague",,,107,Uralic and Altaic Series,,"Indiana University, Mouton &Co",,,,,,
148,{},sauersyrjanischen1963,"Sauer, Gert 1963",Die syrjänischen Lehnsuffixe im Ostjakischen,,,,incollection,"Sauer, Gert",1963,Die syrjänischen Lehnsuffixe im Ostjakischen,,Congressus Internationalis fenno-ugristarum. Budapestani habitus 20-24. IX. 1960,"Bereczki, Gábor and Hajdú, P. and Képes, G. and László, Gy.",193–196,,,,Budapest,,,,,,Akadémiai Kiadó,,,,,,
149,{},mishraword1996,"Mishra, Awadhesh K. 1996",Word formation and language change in Kuṛux,,,,book,"Mishra, Awadhesh K.",1996,Word formation and language change in Kuṛux,,,,,,,,Varanasi,,,,,,Tara Book Agency,,,,,,
150,{},haasesprachkontakt1992,"Haase, Martin 1992",Sprachkontakt und Sprachwandel im Baskenland : die Einflüsse des Gaskognischen und Französischen auf das Baskische,,,,book,"Haase, Martin",1992,Sprachkontakt und Sprachwandel im Baskenland : die Einflüsse des Gaskognischen und Französischen auf das Baskische,,,,,,,,Hamburg,,,,,,Buske,,,,,,
151,{},hurrenverbal1969,"Hurren, H. Antony 1969",Verbal Aspect and Archi-Aspect in Istro-Rumanian,,,,article,"Hurren, H. Antony",1969,Verbal Aspect and Archi-Aspect in Istro-Rumanian,,,,59–90,,La Linguistique,,,http://www.jstor.org/stable/30248126,ArticleType: research-article / Full publication date: 1969 / Copyright © 1969 Presses Universitaires de France,2,,5,,,,,,,
152,{},taylormorpheme1959,"Taylor, Douglas 1959",Morpheme Mergers in Island Carib,,,,article,"Taylor, Douglas",1959,Morpheme Mergers in Island Carib,,,,190–195,,International Journal of American Linguistics,,,http://www.jstor.org/stable/1263796,"ArticleType: research-article / Full publication date: Jul., 1959 / Copyright © 1959 The University of Chicago Press",3,,25,,,,,,,
153,{},holtusrumanisch1989,"Dahmen, Wolfgang 1989",Rumänisch: Areallinguistik IV. Istrorumänisch,,,,incollection,"Dahmen, Wolfgang",1989,Rumänisch: Areallinguistik IV. Istrorumänisch,,"Lexikon der romanistischen Linguistik. Vol. 3. Die Einzelnen Romanischen Sprachen Und Sprachgebiete Von Der Renaissance Bis Zur Gegenwart: Rumänisch, Dalmatisch-Istroromanisch, Friaulisch, Ladinisch, Bündnerromanisch","Holtus, Günter and Metzeltin, Michael and Schmitt, Christian",448–460,,,,Tübingen,,,,,,Niemeyer,,,,,,
154,{},varolbornesjudeoespagnol2008,"Varol-Bornes, Marie-Christine 2008",Le judéo-espagnol vernaculaire d'Istanbul,,,,book,"Varol-Bornes, Marie-Christine",2008,Le judéo-espagnol vernaculaire d'Istanbul,,,,,,,,Bern,,,4,Sephardica,,Peter Lang,,,,,,
155,{},hajeklanguage2006,"Hajek, John 2006",Language Contact and Convergence in East Timor: The Case of Tetun Dili,,,,incollection,"Hajek, John",2006,Language Contact and Convergence in East Timor: The Case of Tetun Dili,,Grammars in Contact. A Cross-Linguistic Typology,"Aikhenvald, Alexandra Y. and Dixon, R. M. W.",163–178,,,,Oxford,,,4,Explorations in Linguistic Typology,,Oxford University Press,,,,,,
156,{},sandfeldproblemes1938,"Sandfeld, Kristian 1938",Problemes d'interferences linguistiques,,,,incollection,"Sandfeld, Kristian",1938,Problemes d'interferences linguistiques,,Actes du Quatrieme Congres Internationale de Linguistes,,59–61,,,,Copenhagen,,,,,,Einar Munksgaard,,,,,,
157,{},shipleyquapaw1988,"Rankin, Robert L. 1988",Quapaw: genetic and areal affiliations,,,,incollection,"Rankin, Robert L.",1988,Quapaw: genetic and areal affiliations,,In honor of Mary Haas. From the Haas Festival Conference on Native American linguistics,"Shipley, William and Haas, Mary Rosamond",629–650,,,,"Berlin, New York",,,,,,Mouton de Gruyter,,,,,,
158,{},jastrowmesopotamischarabischen1978,"Jastrow, Otto 1978",Die mesopotamisch-arabischen Qəltu-Dialekte: Band 1: Phonologie und Morphologie,,,,book,"Jastrow, Otto",1978,Die mesopotamisch-arabischen Qəltu-Dialekte: Band 1: Phonologie und Morphologie,,,,,,,,Wiesbaden,,,43.4,Abhandlungen für die Kunde des Morgenlandes,,Steiner,,,,,,
159,{},hualdegrammar2003,"Hualde, José Ignacio and Urbina, Jon Ortiz de 2003",A grammar of Basque,,,,book,,2003,A grammar of Basque,,,"Hualde, José Ignacio and Urbina, Jon Ortiz de",,,,,"Berlin, New York",,,26,Mouton Grammar Library,,Mouton de Gruyter,,,,,,
160,{},taylordiachronic1954,"Taylor, Douglas 1954",Diachronic Note on the Carib Contribution to Island Carib,,,,article,"Taylor, Douglas",1954,Diachronic Note on the Carib Contribution to Island Carib,,,,28–33,,International Journal of American Linguistics,,,http://www.jstor.org/stable/1263190,"ArticleType: research-article / Full publication date: Jan., 1954 / Copyright © 1954 The University of Chicago Press",1,,20,,,,,,,
161,{},capidanbilinguisme1940,"Capidan, Theodor 1940",Le bilinguisme chez les Roumains,,,,article,"Capidan, Theodor",1940,Le bilinguisme chez les Roumains,,,,73–94,,Langue et Littérature. Bulletin de la Section Littéraire de l'Académie Roumaine,,,,,,,1,,,,,,,
162,{},taylorlanguages1977,"Taylor, Douglas 1977",Languages of the West Indies,,,,book,"Taylor, Douglas",1977,Languages of the West Indies,,,,,,,,Baltimore,,,,Johns Hopkins studies in Atlantic history and culture,,Johns Hopkins University Press,,,,,,
163,{},raunkarelian1964,"Raun, Alo 1964",Karelian Survey,,,,book,"Raun, Alo",1964,Karelian Survey,,,,,,,,"Cleveland, Ohio",,,9,Research and Studies in Uralic and Altaic Languages,,Bell and Howell,,,,,,
164,{},kornfiltturkish1997,"Kornfilt, Jaklin 1997",Turkish,,,,book,"Kornfilt, Jaklin",1997,Turkish,,,,,,,,"London, New York",,,,,,Routledge,,,,,,
165,{},mohligaspects1986,"Möhlig, Wilhelm Johann Georg 1986",Aspects of the language history of the Ilwana: Former hunter-gatherers of the Central Tana Valley in Kenya,,,,article,"Möhlig, Wilhelm Johann Georg",1986,Aspects of the language history of the Ilwana: Former hunter-gatherers of the Central Tana Valley in Kenya,,,,273–293,,Sprache und Geschichte in Afrika,,,,,1,,7,,,,,,,
166,{},polanskazum2002,"Polanska, Ineta 2002",Zum Einfluss des Lettischen auf das Deutsche im Baltikum,,,,phdthesis,"Polanska, Ineta",2002,Zum Einfluss des Lettischen auf das Deutsche im Baltikum,Ph.D. dissertation,,,,,,Otto-Friedrich-Universität Bamberg,Bamberg,,,,,,,,,,,,
167,{},heathbasic1980,"Heath, Jeffrey 1980","Basic materials in Ritharngu. Grammar, texts, and dictionary",,,,book,"Heath, Jeffrey",1980,"Basic materials in Ritharngu. Grammar, texts, and dictionary",,,,,,,,Canberra,,,59,"Pacific Linguistics. Series B, Monographs",,Dept. of Linguistics,,,,,,
168,{},adelaarloanwords2009,"Adelaar, Alexander 2009",Loanwords in Malagasy,,,,incollection,"Adelaar, Alexander",2009,Loanwords in Malagasy,,Loanwords in the World's Languages. A Comparative Handbook,"Haspelmath, Martin and Tadmor, Uri",717–746,,,,Berlin,,,,,,Mouton de Gruyter,,,,,,
169,{},fuchskomparativ1949,"Fuchs, David R. 1949",Der Komparativ und Superlativ in den finnisch-ugrischen Sprachen,,,,article,"Fuchs, David R.",1949,Der Komparativ und Superlativ in den finnisch-ugrischen Sprachen,,,,147–230,,Finnisch-ugrische Forschungen,,,,,1–2,,30,,,,,,,
170,{},matrasgrammatical20073,"Reershemius, Gertrud 2007",Grammatical borrowing in Yiddish,,,,incollection,"Reershemius, Gertrud",2007,Grammatical borrowing in Yiddish,,Grammatical borrowing in cross-linguistic perspective,"Matras, Yaron and Sakel, Jeanette",246–259,,,,"Berlin, New York",,,38,Empirical approaches to language typology,,Mouton de Gruyter,,,,,,
171,{},jansegreekturkish2009,"Janse, Mark 2009",Greek-Turkish language contact in Asia Minor,,,,article,"Janse, Mark",2009,Greek-Turkish language contact in Asia Minor,,,,37–54,,Études Helléniques/Hellenic Studies,,,,,1,,17,,,,,,,
172,{},gokselturkish2005,"Göksel, Aslı and Kerslake, Celia 2005",Turkish: a comprehensive grammar,,,,book,"Göksel, Aslı and Kerslake, Celia",2005,Turkish: a comprehensive grammar,,,,,,,,"London, New York",,,,,,Routledge,,,,,,
173,{},bereczkiaz2002,"Bereczki, Gábor 2002",Az alaktani elemek kölcsönzésének néhány típusa a Volga-Káma-vidéki area nyelveiben,,,,article,"Bereczki, Gábor",2002,Az alaktani elemek kölcsönzésének néhány típusa a Volga-Káma-vidéki area nyelveiben,,,,97–101,,Nyelvtudományi Közlemények,,,,,,,100,,,,,,,
174,{},bulutiraqi2007,"Bulut, Christiane 2007",Iraqi Turkman,,,,incollection,"Bulut, Christiane",2007,Iraqi Turkman,,"Languages of Iraq, ancient and modern","Postgate, J.N.",159–187,,,,London,,,,,,British School of Archaeology in Iraq,,,,,,
175,{},kovacecdescrierea1971,"Kovačec, August 1971",Descrierea istroromânei actuale,,,,book,"Kovačec, August",1971,Descrierea istroromânei actuale,,,,,,,,Bucarest,,,,,,Editura Academiei Republicii Socialiste România,,,,,,
176,{},bereczkicharacter1993,"Bereczki, Gábor 1993",The character and scale of Turkic influence on the structure of Finno-Ugric languages,,,,incollection,"Bereczki, Gábor",1993,The character and scale of Turkic influence on the structure of Finno-Ugric languages,,Comparative-Historical Linguistics. Indo-European and Finno-Ugric. Papers in Honor of Oswald Szemerényi III,"Brogyanyi, Bela and Lipp, Reiner",509–519,,,,"Amsterdam, Philadelphia",,,97,Current Issues in the Theory and History of Linguistic Science Series IV - Current Issues in Linguistic Theory,,John Benjamins,,,,,,
177,{},sekerinacopper1994,"Sekerina, Irina A. 1994",Copper Island (Mednyi) Aleut (CIA): A Mixed Language,,,,article,"Sekerina, Irina A.",1994,Copper Island (Mednyi) Aleut (CIA): A Mixed Language,,,,14–31,,Languages of the World,,,,,1,,8,,,,,,,
178,{},abbimanual2001,"Abbi, Anvita 2001",A manual of linguistic field work and structures of Indian languages,,,,book,"Abbi, Anvita",2001,A manual of linguistic field work and structures of Indian languages,,,,,,,,Munich,,,17,LINCOM Handbooks in Linguistics,,Lincom,,,,,,
179,{},zavalaoraciones2007,"Zavala, Roberto 2007","Las oraciones de relativo en lenguas cholanas, un calque zoqueano",,,,inproceedings,"Zavala, Roberto",2007,"Las oraciones de relativo en lenguas cholanas, un calque zoqueano",,,,,,,,,,,,,,,,,,,,
180,{},reinischbilinsprache1882,"Reinisch, Leo 1882",Die Bilīn-Sprache in Nordost-Afrika,,,,book,"Reinisch, Leo",1882,Die Bilīn-Sprache in Nordost-Afrika,,,,,,,,Wien,http://www.archive.org/details/diekafasprachein00rein,,,,,F. Tempsky,,,,,,
181,{},walikashmiri1996,"Wali, Kashi and Koul, Omkar N. 1996",Kashmiri. A cognitive-descriptive grammar,,,,book,"Wali, Kashi and Koul, Omkar N.",1996,Kashmiri. A cognitive-descriptive grammar,,,,,,,,"London, New York",,,,Routledge Descriptive Grammars,,Routledge,,,,,,
182,{},hiedapatterns2011,"Vossen, Rainer 2011",Patterns of linguistic convergence in the Khoe-speaking area of southern Africa,,,,incollection,"Vossen, Rainer",2011,Patterns of linguistic convergence in the Khoe-speaking area of southern Africa,,Geographical Typology and Linguistic Areas: With special reference to Africa,"Hieda, Osamu and König, Christa and Nakagawa, Hirosi",189–200,,,,"Amsterdam, Philadelphia",,,,,,John Benjamins,,,,,,
183,{},breuzur1992,"Breu, Walter 1992",Zur Rolle der Präfigierung bei der Entstehung von Aspektsystemen,,,,incollection,"Breu, Walter",1992,Zur Rolle der Präfigierung bei der Entstehung von Aspektsystemen,,Linguistique et slavistique : Mélanges offerts à Paul Garde. Tome 1,,117–135,,,,"Aix-en-Provence, Paris",http://www.slavistik-portal.de/datenpool/bibdatslav-db.html?data=252,,36,Travaux publiés par l'Institut d'Etudes slaves,,Publications de l'Université de Provence,,,,,,
184,{},andronovbrahui1980,"Andronov, Mikhail Sergeevich 1980",The Brahui language,,,,book,"Andronov, Mikhail Sergeevich",1980,The Brahui language,,,,,,,,Moscow,,,,,,Nauka,,,,,,
185,{},boretzkymorphologische1991,"Boretzky, Norbert and Igla, Birgit 1991",Morphologische Entlehnung in den Romani-Dialekten,,,,book,"Boretzky, Norbert and Igla, Birgit",1991,Morphologische Entlehnung in den Romani-Dialekten,,,,,,,,Essen,,,1,"Arbeitspapiere des Projekts ""Prinzipien des Sprachwandels""",,Universität GH Essen. Fachbereich Sprach- und Literaturwissenschaften,,,,,,
186,{},heathbasic19801,"Heath, Jeffrey 1980","Basic materials in Warndarang. Grammar, texts and dictionary",,,,book,"Heath, Jeffrey",1980,"Basic materials in Warndarang. Grammar, texts and dictionary",,,,,,,,Canberra,,,72,"Pacific Linguistics. Series B, Monographs",,Australian Natl. Univ.,,,,,,
187,{},laanesteinfuhrung1982,"Laanest, Arvo 1982",Einführung in die ostseefinnischen Sprachen,,,,book,"Laanest, Arvo",1982,Einführung in die ostseefinnischen Sprachen,,,,,,,,Hamburg,,,,,,Buske,,,,,,
188,{},postnorthern2006,"Post, Margje 2006",The Northern Russian pragmatic particle dak in the dialect of Varzuga (Kola Peninsula). An information structuring device in informal spontaneous speech,,,,phdthesis,"Post, Margje",2006,The Northern Russian pragmatic particle dak in the dialect of Varzuga (Kola Peninsula). An information structuring device in informal spontaneous speech,Ph.D. thesis,,,,,,University of Tromsø,Tromsø,http://www.ub.uit.no/munin/handle/10037/246,,,,,,,,,,,
189,{},taylorisland1956,"Taylor, Douglas 1956","Island Carib II: Word-Classes, Affixes, Nouns, and Verbs",,,,article,"Taylor, Douglas",1956,"Island Carib II: Word-Classes, Affixes, Nouns, and Verbs",,,,1–44,,International Journal of American Linguistics,,,http://www.jstor.org/stable/1263576,"ArticleType: research-article / Full publication date: Jan., 1956 / Copyright © 1956 The University of Chicago Press",1,,22,,,,,,,
190,{},seifartdirect2013,"Seifart, Frank 2013",Direct and indirect affix borrowing,,,,unpublished,"Seifart, Frank",2013,Direct and indirect affix borrowing,Manuscript,,,,,,,Leipzig: Max Planck Institute for Evolutionary Anthropology,,,,,,,,,,,,
191,{},kossmanninflectional2011,"Kossmann, Maarten 2011",On Inflectional Borrowing,,,,misc,"Kossmann, Maarten",2011,On Inflectional Borrowing,,,,,,,,"Paper presented at Rethinking Contact Induced Change. Leiden, June 9-11, 2011",,,,,,,,,,,,
192,{},cohenhebrew2012,"Cohen, Evan-Gary and Laks, Lior 2012",Hebrew Bases with Borrowed Affixes: A Multi-dimensional Account,,,,misc,"Cohen, Evan-Gary and Laks, Lior",2012,Hebrew Bases with Borrowed Affixes: A Multi-dimensional Account,"Paper presented at IMM15 Vienna 9–12 February 2012, Workshop on Borrowed Morphology Form and Meaning",,,,,,,Vienna,,,,,,,,,,,,
193,{},guldemannist1992,"Güldemann, Tom 1992",Ist Swahili eine monogenetische Einheit? - Betrachtungen aus der Sicht peripherer Varietäten unter besonderer Berücksichtigung der Verbalmorphologie,,,,article,"Güldemann, Tom",1992,Ist Swahili eine monogenetische Einheit? - Betrachtungen aus der Sicht peripherer Varietäten unter besonderer Berücksichtigung der Verbalmorphologie,,,,35–62,,Afrikanische Arbeitspapiere. Schriftenreihe des Kölner Instituts für Afrikanistik,,,,,,,30,,,,,,,
194,{},tenserlithuanian2005,"Tenser, Anton 2005",Lithuanian Romani,,,,book,"Tenser, Anton",2005,Lithuanian Romani,,,,,,,,Munich,,,,Languages of the world. Materials,452,Lincom,,,,,,
195,{},weinreichyiddish1958,"Weinreich, Uriel 1958",Yiddish and Colonial German in Eastern Europe,,,,incollection,"Weinreich, Uriel",1958,Yiddish and Colonial German in Eastern Europe,,"American contributions to the Fourth International Congress of Slavicists, Moscow, September 1958",,369–419,,,,'s-Gravenhage,,,21,Slavistic printings and reprintings,,Mouton,,,,,,
196,{},schwarzwaldinflection1998,"Schwarzwald, Ora (Rodrigue) 1998",Inflection and Derivation in Hebrew Linear Word Formation,,,,article,"Schwarzwald, Ora (Rodrigue)",1998,Inflection and Derivation in Hebrew Linear Word Formation,,,,265–288,,Folia Linguistica,,,http://www.reference-global.com/doi/pdf/10.1515/flin.1998.32.3-4.265,,3-4,,32,,,,,,,
197,{},boretzkymorphologische2004,"Boretzky, Norbert 2004",Morphologische Entlehnung und Lehnübersetzung,,,,incollection,"Boretzky, Norbert",2004,Morphologische Entlehnung und Lehnübersetzung,,Morphology / Morphologie. An International Handbook on Inflection and Word-Formation / Ein internationales Handbuch zur Flexion und Wortbildung. Part 2/Teil 2,"Booij, Geert E. and Lehmann, Christian and Mugdan, Joachim and Skopeteas, Stavros and Kesselheim, in collaboration with Wolfgang",1644–1652,,,,"Berlin, New York",,,,,,Mouton de Gruyter,,,,,,
198,{},weinreichlanguages1953,"Weinreich, Uriel 1953",Languages in Contact,,,,book,"Weinreich, Uriel",1953,Languages in Contact,,,,,,,,New York,,,,,,Linguistic Circle of New York,,,,,,
199,{},riionheimomorfologinen2010,"Riionheimo, Helka 2010",Morfologinen limittyminen suomen ja viron kontaktissa,,,,article,"Riionheimo, Helka",2010,Morfologinen limittyminen suomen ja viron kontaktissa,,,,218–239,,Lähivõrdlusi. Lähivertailuja,,,,,,,20,,,,,,,
200,{},wurmwutun1996,"Lee-Smith, Mei W. and Wurm, Stephen A. 1996",The Wutun language,,,,incollection,"Lee-Smith, Mei W. and Wurm, Stephen A.",1996,The Wutun language,,"Atlas of languages of intercultural communication in the Pacific, Asia and the Americas. Volume 2, Part 1","Wurm, Stephen A. and Mühlhäusler, Peter and Tryon, Darrell T.",883–897,,,,"Berlin, New York",,,13,"Trends in Linguistics, Documentation Series",,Mouton de Gruyter,,,,,,
201,{},matraslanguage2009,"Matras, Yaron 2009",Language contact,,,,book,"Matras, Yaron",2009,Language contact,,,,,,,,Cambridge,,,,,,Cambridge University Press,,,,,,
202,{},abbilanguage1995,"Abbi, Anvita 1995",Language Contact and Language Restructuring. A Case Study of Tribal languages of Central India,,,,article,"Abbi, Anvita",1995,Language Contact and Language Restructuring. A Case Study of Tribal languages of Central India,,,,175–185,,International Journal of the Sociology of Language,,,,,,,116,,,,,,,
203,{},thomasonmednyj1997,"Thomason, Sarah G. 1997",Mednyj Aleut,,,,incollection,"Thomason, Sarah G.",1997,Mednyj Aleut,,Contact Languages. A wider perspective,"Thomason, Sarah G.",449–468,,,,"Amsterdam, Philadelphia",,,,,,John Benjamins,,,,,,
204,{},bhatdescriptive1987,"Bhat, Roopkrishen 1987",A descriptive study of Kashmiri,,,,book,"Bhat, Roopkrishen",1987,A descriptive study of Kashmiri,,,,,,,,Delhi,,,,,,Amar Prakashan,,,,,,
205,{},knowlesdescriptive1984,"Knowles, Susan Marie 1984",A descriptive grammar of Chontal Maya (San Carlos dialect),,,,phdthesis,"Knowles, Susan Marie",1984,A descriptive grammar of Chontal Maya (San Carlos dialect),Ph.D. thesis,,,,,,Tulane University,New Orleans,,,,,,,,,,,,
206,{},masliyahfour1996,"Masliyah, Sadok 1996","Four Turkish affixes in Iraqi Arabic: -li, -lik, -siz and -çi",,,,article,"Masliyah, Sadok",1996,"Four Turkish affixes in Iraqi Arabic: -li, -lik, -siz and -çi",,,,291–300,,Journal of Semitic Studies,,,http://jss.oxfordjournals.org/content/XLI/2/291.citation,,2,,16,,,,,,,
207,{},rozencvejginterference1976,"Rozencvejg, Victor Ju. 1976",Interference and convergent change,,,,book,"Rozencvejg, Victor Ju.",1976,Interference and convergent change,,,,,,,,"The Hague, Paris",,,,,,Mouton,,,,,,
208,{},rothverbe1979,"Roth, Arlette 1979",Le verbe dans le parler arabe de Kormakiti (Chypre): Morphologie et elements de syntaxe (Atlas linguistique du monde arabe),,,,book,"Roth, Arlette",1979,Le verbe dans le parler arabe de Kormakiti (Chypre): Morphologie et elements de syntaxe (Atlas linguistique du monde arabe),,,,,,,,,,,,Études chamito-sémitiques G.L.E.C.S.,,Librairie orientaliste P. Geuthner,,,,,,
209,{},grantcontactinduced2010,"Grant, Anthony P. 2010",Contact-induced change beyond the lexicon: A comparison of some heavily borrowing languages,,,,misc,"Grant, Anthony P.",2010,Contact-induced change beyond the lexicon: A comparison of some heavily borrowing languages,Paper,,,,,,,"Max Planck Institute for Evolutionary Anthropology, Leipzig",,,,,,,,,,,,
210,{},koulstudies2005,"Koul, Omkar N. 2005",Studies in Kashmiri linguistics,,,,book,"Koul, Omkar N.",2005,Studies in Kashmiri linguistics,,,,,,,,Delhi,,,,,,Indian Institute of Language Studies,,,,,,
211,{},sauernominalbildung1967,"Sauer, Gert 1967",Die Nominalbildung im Ostjakischen,,,,book,"Sauer, Gert",1967,Die Nominalbildung im Ostjakischen,,,,,,,,Berlin,,,5,Finnisch-Ugrische Studien,,Akademie Verlag,,,,,,
212,{},nisanyansozlerin2009,"Nişanyan, Sevan 2009",Sözlerin soyagaci. Çagdas Türkçenin etimolojik sözlügü,,,,book,"Nişanyan, Sevan",2009,Sözlerin soyagaci. Çagdas Türkçenin etimolojik sözlügü,,,,,,,,"Cagaloglu, Istanbul",http://www.nisanyansozluk.com/,,,,,Everest Yayinlari,,,,,,
213,{},heathngandi1978,"Heath, Jeffrey 1978","Ngandi grammar, texts, and dictionary",,,,book,"Heath, Jeffrey",1978,"Ngandi grammar, texts, and dictionary",,,,,,,,Canberra,,,,,,Australian Institute of Aboriginal Studies,,,,,,
214,{},vasquezalvarezgrammar2011,"Vásquez Álvarez, Juan Jesús 2011","A Grammar of Chol, a Mayan Language",,,,phdthesis,"Vásquez Álvarez, Juan Jesús",2011,"A Grammar of Chol, a Mayan Language",Ph.D. thesis,,,,,,University of Texas at Austin,Austin,,,,,,,,,,,,
215,{},zenginturkcenin2009,"Zengin, Dursun 2009",Türkçenin tersine sözlügü,,,,book,"Zengin, Dursun",2009,Türkçenin tersine sözlügü,,,,,,,,Ankara,,,,,,Kurmay,,,,,,
216,{},taylorlinguistic1980,"Taylor, Douglas and Hoff, Berend J. 1980",The Linguistic Repertory of the Island-Carib in the Seventeenth Century: The Men's Language: A Carib Pidgin?,,,,article,"Taylor, Douglas and Hoff, Berend J.",1980,The Linguistic Repertory of the Island-Carib in the Seventeenth Century: The Men's Language: A Carib Pidgin?,,,,301–312,,International Journal of American Linguistics,,,http://www.jstor.org/stable/1264711,"ArticleType: research-article / Full publication date: Oct., 1980 / Copyright © 1980 The University of Chicago Press",4,,46,,,,,,,
217,{},hasselblattkomisaamirussian2011,"Blokland, Rogier and Rießler, Michael 2011",Komi-Saami-Russian contacts on the Kola peninsula,,,,incollection,"Blokland, Rogier and Rießler, Michael",2011,Komi-Saami-Russian contacts on the Kola peninsula,,Language Contact in Times of Globalization,"Hasselblatt, Cornelius and Houtzagers, Peter and Pareren, Remco van",5–26,,,,"Amsterdam, New York",,,,Studies in Slavic and General Linguistics,,Rodopi,,,,,,
218,{},samelykedang1991,"Samely, Ursula 1991",Kedang (Eastern Indonesia). Some aspects of its grammar,,,,book,"Samely, Ursula",1991,Kedang (Eastern Indonesia). Some aspects of its grammar,,,,,,,,Hamburg,,,46,Forum Phoenticum,,Buske,,,,,,
219,{},tadmorloanwords20091,"Tadmor, Uri 2009",Loanwords in Indonesian,,,,incollection,"Tadmor, Uri",2009,Loanwords in Indonesian,,Loanwords in the World's Languages. A Comparative Handbook,"Haspelmath, Martin and Tadmor, Uri",686–716,,,,Berlin,,,,,,Mouton de Gruyter,,,,,,
220,{},breuuberlegungen1996,"Breu, Walter 1996",Überlegungen zu einer Klassifizierung des grammatischen Wandels im Sprachkontakt (am Beispiel slavischer Kontaktfälle),,,,article,"Breu, Walter",1996,Überlegungen zu einer Klassifizierung des grammatischen Wandels im Sprachkontakt (am Beispiel slavischer Kontaktfälle),,,,21–38,,Sprachtypologie und Universalienforschung,,,,,,,49,,,,,,,
221,{},magistesuffixentlehnung1968,"Mägiste, Julius 1968","Suffixentlehnung in den finnisch-ugrischen Sprachen, insbesondere aus dem Russischen",,,,article,"Mägiste, Julius",1968,"Suffixentlehnung in den finnisch-ugrischen Sprachen, insbesondere aus dem Russischen",,,,1–30,,Journal de la Societé Finno-Ougrienne/Suomalais-ugrilaisen Seuran Aikakauskirja,,,,,2,,69,,,,,,,
222,{},demirajgjuha1988,"Demiraj, Shaban 1988",Gjuha shqipe dhe historia e saj,,,,book,"Demiraj, Shaban",1988,Gjuha shqipe dhe historia e saj,,,,,,,,Tiranë,,,,,,Shtëpia Botuese e Librit Universitar,,,,,,
223,{},emeneaubrahui1962,"Emeneau, Murray Barnson 1962",Brahui and Dravidian comparative grammar,,,,book,"Emeneau, Murray Barnson",1962,Brahui and Dravidian comparative grammar,,,,,,,,"Berkeley, Los Angeles",,,27,University of California Publications in Linguistics,,University of California Press,,,,,,
224,{},chamoreaugenero2005,"de Pury, Sybille 2005",El género en garífuna. Un análisis dinámico,,,,incollection,"de Pury, Sybille",2005,El género en garífuna. Un análisis dinámico,,Dinámica lingüística de las lenguas en contacto,"Chamoreau, Claudine and Lastra, Yolanda",,,,,"Hermosillo, Sonora",,,2,Colección Lingüística : Serie Simposios,,Universidad de Sonora,,,,,,
225,{},muyskenspanish2012,"Muysken, Pieter 2012",Spanish affixes in the Quechua languages: A multidimensional perspective,,,,article,"Muysken, Pieter",2012,Spanish affixes in the Quechua languages: A multidimensional perspective,,,,481–493,,Lingua,,,http://www.sciencedirect.com/science/article/pii/S0024384111001975,,5,,122,,,,,,,
226,{},newtonarabicgreek1964,"Newton, Brian 1964",An Arabic-Greek Dialect,,,,incollection,"Newton, Brian",1964,An Arabic-Greek Dialect,,Papers in Memory of George C. Pappageotes (=Supplement to Word 20:3),"Austerlitz, Robert",43–52,,,,New York,,,,,,Linguistic Circle of New York,,,,,,
227,{},durreinfuhrung2012,"Dürr, Michael 2012",Einführung in die Mayasprache Ch’ol,,,,book,"Dürr, Michael",2012,Einführung in die Mayasprache Ch’ol,,,,,,,,Berlin,http://home.snafu.de/duerr/PDF_Doku/Cholkurs.pdf,,,,,Lateinamerikainstitut der Freien Universität Berlin,,,,,,
228,{},hildebrandtgrammar2004,"Hildebrandt, Kristine A. 2004",A Grammar and Glossary of the Manange Language,,,,book,"Hildebrandt, Kristine A.",2004,A Grammar and Glossary of the Manange Language,,,,,,,,Santa Barbara,,,,,,"University of California, Santa Barbara",,,,,,
229,{},steeverbrahui1998,"Elfenbein, Joseph 1998",Brahui,,,,incollection,"Elfenbein, Joseph",1998,Brahui,,The Dravidian languages,"Steever, Sanford B.",388–414,,,,London,,,,,,Routledge,,,,,,
230,{},pakendorfcopied2010,"Pakendorf, Brigitte 2010",Copied morphemes in Sakha and Ėven – a comparison,,,,misc,"Pakendorf, Brigitte",2010,Copied morphemes in Sakha and Ėven – a comparison,,,,,,,,,,,,,,"Paper presented at the workshop Bound morphology in common: copy or cognate?, 43rd Annual Meeting of the Societas Linguistica Europaea, 2-5 September 2010, Vilnius University",,,,,,
231,{},mcconvellgurindji2005,"McConvell, Patrick and Meakins, Felicity 2005",Gurindji Kriol: A Mixed Language Emerges from Code-switching,,,,article,"McConvell, Patrick and Meakins, Felicity",2005,Gurindji Kriol: A Mixed Language Emerges from Code-switching,,,,9–30,,Australian Journal of Linguistics,,,,,1,,25,,,,,,,
232,{},matrasgrammatical20075,"Haig, Geoffrey 2007",Grammatical Borrowing in Kurdish (Northern Group),,,,incollection,"Haig, Geoffrey",2007,Grammatical Borrowing in Kurdish (Northern Group),,Grammatical Borrowing in Cross-Linguistic Perspective,"Matras, Yaron and Sakel, Jeanette",165–183,,,,"Berlin, New York",,,,,,Mouton de Gruyter,,,,,,
